name,label,direction_0,direction_1,direction_2,direction_3,direction_4,direction_5,direction_6,direction_7
1.wav,1,0,0,0,1,0,0,0,0
2.wav,1,0,0,0,1,0,0,0,0
3.wav,1,0,0,0,1,0,0,0,0
4.wav,1,0,0,0,1,0,0,0,0
5.wav,1,0,0,0,1,0,0,0,0
6.wav,1,0,0,0,1,0,0,0,0
7.wav,1,0,0,0,1,0,0,0,0
8.wav,1,0,0,0,1,0,0,0,0
9.wav,1,0,0,0,1,0,0,0,0
10.wav,1,0,0,0,1,0,0,0,0
11.wav,1,0,0,0,1,0,0,0,0
12.wav,1,0,0,0,1,0,0,0,0
13.wav,1,0,0,0,1,0,0,0,0
14.wav,1,0,0,0,1,0,0,0,0
15.wav,1,0,0,0,1,0,0,0,0
16.wav,1,0,0,0,1,0,0,0,0
17.wav,1,0,0,0,1,0,0,0,0
18.wav,1,0,0,0,1,0,0,0,0
19.wav,1,0,0,0,1,0,0,0,0
20.wav,1,0,0,0,1,0,0,0,0
21.wav,1,0,0,0,1,0,0,0,0
22.wav,1,0,0,0,1,0,0,0,0
23.wav,1,0,0,0,1,0,0,0,0
24.wav,1,0,0,0,1,0,0,0,0
25.wav,1,0,0,0,1,0,0,0,0
26.wav,1,0,0,0,1,0,0,0,0
27.wav,1,0,0,0,1,0,0,0,0
28.wav,1,0,0,0,1,0,0,0,0
29.wav,1,0,0,0,1,0,0,0,0
30.wav,1,0,0,0,1,0,0,0,0
31.wav,1,0,0,0,1,0,0,0,0
32.wav,1,0,0,0,1,0,0,0,0
33.wav,1,0,0,0,1,0,0,0,0
34.wav,1,0,0,0,1,0,0,0,0
35.wav,1,0,0,0,1,0,0,0,0
36.wav,1,0,0,0,1,0,0,0,0
37.wav,1,0,0,0,1,0,0,0,0
38.wav,1,0,0,0,1,0,0,0,0
39.wav,1,0,0,0,1,0,0,0,0
40.wav,1,0,0,0,1,0,0,0,0
41.wav,1,0,0,0,1,0,0,0,0
42.wav,1,0,0,0,1,0,0,0,0
43.wav,1,0,0,0,1,0,0,0,0
44.wav,1,0,0,0,1,0,0,0,0
45.wav,1,0,0,0,1,0,0,0,0
46.wav,1,0,0,0,1,0,0,0,0
47.wav,1,0,0,0,1,0,0,0,0
48.wav,1,0,0,0,1,0,0,0,0
49.wav,1,0,0,0,1,0,0,0,0
50.wav,1,0,0,0,1,0,0,0,0
51.wav,1,0,0,0,1,0,0,0,0
52.wav,1,0,0,0,1,0,0,0,0
53.wav,1,0,0,0,1,0,0,0,0
54.wav,1,0,0,0,1,0,0,0,0
55.wav,1,0,0,0,1,0,0,0,0
56.wav,1,0,0,0,1,0,0,0,0
57.wav,1,0,0,0,1,0,0,0,0
58.wav,1,0,0,0,1,0,0,0,0
59.wav,1,0,0,0,1,0,0,0,0
60.wav,1,0,0,0,1,0,0,0,0
61.wav,1,0,0,0,1,0,0,0,0
62.wav,1,0,0,0,1,0,0,0,0
63.wav,1,0,0,0,1,0,0,0,0
64.wav,1,0,0,0,1,0,0,0,0
65.wav,1,0,0,0,1,0,0,0,0
66.wav,1,0,0,0,1,0,0,0,0
67.wav,1,0,0,0,1,0,0,0,0
68.wav,1,0,0,0,1,0,0,0,0
69.wav,1,0,0,0,1,0,0,0,0
70.wav,1,0,0,0,1,0,0,0,0
71.wav,1,0,0,0,1,0,0,0,0
72.wav,1,0,0,0,1,0,0,0,0
73.wav,1,0,0,0,1,0,0,0,0
74.wav,1,0,0,0,1,0,0,0,0
75.wav,1,0,0,0,1,0,0,0,0
76.wav,1,0,0,0,1,0,0,0,0
77.wav,1,0,0,0,1,0,0,0,0
78.wav,1,0,0,0,1,0,0,0,0
79.wav,1,0,0,0,1,0,0,0,0
80.wav,1,0,0,0,1,0,0,0,0
81.wav,1,0,0,0,1,0,0,0,0
82.wav,1,0,0,0,1,0,0,0,0
83.wav,1,0,0,0,1,0,0,0,0
84.wav,1,0,0,0,1,0,0,0,0
85.wav,1,0,0,0,1,0,0,0,0
86.wav,1,0,0,0,1,0,0,0,0
87.wav,1,0,0,0,1,0,0,0,0
88.wav,1,0,0,0,1,0,0,0,0
89.wav,1,0,0,0,1,0,0,0,0
90.wav,1,0,0,0,1,0,0,0,0
91.wav,1,0,0,0,1,0,0,0,0
92.wav,1,0,0,0,1,0,0,0,0
93.wav,1,0,0,0,1,0,0,0,0
94.wav,1,0,0,0,1,0,0,0,0
95.wav,1,0,0,0,1,0,0,0,0
96.wav,1,0,0,0,1,0,0,0,0
97.wav,1,0,0,0,1,0,0,0,0
98.wav,1,0,0,0,1,0,0,0,0
99.wav,1,0,0,0,1,0,0,0,0
100.wav,1,0,0,0,1,0,0,0,0
101.wav,1,0,0,0,1,0,0,0,0
102.wav,1,0,0,0,1,0,0,0,0
103.wav,1,0,0,0,1,0,0,0,0
104.wav,1,0,0,0,1,0,0,0,0
105.wav,1,0,0,0,1,0,0,0,0
106.wav,1,0,0,0,1,0,0,0,0
107.wav,1,0,0,0,1,0,0,0,0
108.wav,1,0,0,0,1,0,0,0,0
109.wav,1,0,0,0,1,0,0,0,0
110.wav,1,0,0,0,1,0,0,0,0
111.wav,1,0,0,0,1,0,0,0,0
112.wav,1,0,0,0,1,0,0,0,0
113.wav,1,0,1,0,0,0,0,0,0
114.wav,1,0,1,0,0,0,0,0,0
115.wav,1,0,1,0,0,0,0,0,0
116.wav,1,0,1,0,0,0,0,0,0
117.wav,1,0,1,0,0,0,0,0,0
118.wav,1,0,1,0,0,0,0,0,0
119.wav,1,0,1,0,0,0,0,0,0
120.wav,1,0,1,0,0,0,0,0,0
121.wav,1,0,1,0,0,0,0,0,0
122.wav,1,0,1,0,0,0,0,0,0
123.wav,1,0,1,0,0,0,0,0,0
124.wav,1,0,1,0,0,0,0,0,0
125.wav,1,0,1,0,0,0,0,0,0
126.wav,1,0,1,0,0,0,0,0,0
127.wav,1,0,1,0,0,0,0,0,0
128.wav,1,0,1,0,0,0,0,0,0
129.wav,1,0,1,0,0,0,0,0,0
130.wav,1,0,1,0,0,0,0,0,0
131.wav,1,0,1,0,0,0,0,0,0
132.wav,1,0,1,0,0,0,0,0,0
133.wav,1,0,1,0,0,0,0,0,0
134.wav,1,0,1,0,0,0,0,0,0
135.wav,1,0,1,0,0,0,0,0,0
136.wav,1,0,1,0,0,0,0,0,0
137.wav,1,0,1,0,0,0,0,0,0
138.wav,1,0,1,0,0,0,0,0,0
139.wav,1,0,1,0,0,0,0,0,0
140.wav,1,0,1,0,0,0,0,0,0
141.wav,1,0,1,0,0,0,0,0,0
142.wav,1,0,1,0,0,0,0,0,0
143.wav,1,0,1,0,0,0,0,0,0
144.wav,1,0,1,0,0,0,0,0,0
145.wav,1,0,1,0,0,0,0,0,0
146.wav,1,0,1,0,0,0,0,0,0
147.wav,1,0,1,0,0,0,0,0,0
148.wav,1,0,1,0,0,0,0,0,0
149.wav,1,0,1,0,0,0,0,0,0
150.wav,1,0,1,0,0,0,0,0,0
151.wav,1,0,1,0,0,0,0,0,0
152.wav,1,0,1,0,0,0,0,0,0
153.wav,1,0,1,0,0,0,0,0,0
154.wav,1,0,1,0,0,0,0,0,0
155.wav,1,0,1,0,0,0,0,0,0
156.wav,1,0,1,0,0,0,0,0,0
157.wav,1,0,1,0,0,0,0,0,0
158.wav,1,0,1,0,0,0,0,0,0
159.wav,1,0,1,0,0,0,0,0,0
160.wav,1,0,1,0,0,0,0,0,0
161.wav,1,0,1,0,0,0,0,0,0
162.wav,1,0,1,0,0,0,0,0,0
163.wav,1,0,1,0,0,0,0,0,0
164.wav,1,0,1,0,0,0,0,0,0
165.wav,1,0,1,0,0,0,0,0,0
166.wav,1,0,1,0,0,0,0,0,0
167.wav,1,0,1,0,0,0,0,0,0
168.wav,1,0,1,0,0,0,0,0,0
169.wav,1,0,1,0,0,0,0,0,0
170.wav,1,0,1,0,0,0,0,0,0
171.wav,1,0,1,0,0,0,0,0,0
172.wav,1,0,1,0,0,0,0,0,0
173.wav,1,0,1,0,0,0,0,0,0
174.wav,1,0,1,0,0,0,0,0,0
175.wav,1,0,1,0,0,0,0,0,0
176.wav,1,0,1,0,0,0,0,0,0
177.wav,1,0,1,0,0,0,0,0,0
178.wav,1,0,1,0,0,0,0,0,0
179.wav,1,0,1,0,0,0,0,0,0
180.wav,1,0,1,0,0,0,0,0,0
181.wav,1,0,1,0,0,0,0,0,0
182.wav,1,0,1,0,0,0,0,0,0
183.wav,1,0,1,0,0,0,0,0,0
184.wav,1,0,1,0,0,0,0,0,0
185.wav,1,0,1,0,0,0,0,0,0
186.wav,1,0,1,0,0,0,0,0,0
187.wav,1,0,1,0,0,0,0,0,0
188.wav,1,0,1,0,0,0,0,0,0
189.wav,1,0,1,0,0,0,0,0,0
190.wav,1,0,1,0,0,0,0,0,0
191.wav,1,0,1,0,0,0,0,0,0
192.wav,1,0,1,0,0,0,0,0,0
193.wav,1,0,1,0,0,0,0,0,0
194.wav,1,0,1,0,0,0,0,0,0
195.wav,1,0,1,0,0,0,0,0,0
196.wav,1,0,1,0,0,0,0,0,0
197.wav,1,0,1,0,0,0,0,0,0
198.wav,1,0,1,0,0,0,0,0,0
199.wav,1,0,1,0,0,0,0,0,0
200.wav,1,0,1,0,0,0,0,0,0
201.wav,1,0,1,0,0,0,0,0,0
202.wav,1,0,1,0,0,0,0,0,0
203.wav,1,0,1,0,0,0,0,0,0
204.wav,1,0,1,0,0,0,0,0,0
205.wav,1,0,1,0,0,0,0,0,0
206.wav,1,0,1,0,0,0,0,0,0
207.wav,1,0,1,0,0,0,0,0,0
208.wav,1,0,1,0,0,0,0,0,0
209.wav,1,0,1,0,0,0,0,0,0
210.wav,1,0,1,0,0,0,0,0,0
211.wav,1,0,1,0,0,0,0,0,0
212.wav,1,0,1,0,0,0,0,0,0
213.wav,1,0,1,0,0,0,0,0,0
214.wav,1,0,1,0,0,0,0,0,0
215.wav,1,0,1,0,0,0,0,0,0
216.wav,1,0,1,0,0,0,0,0,0
217.wav,1,0,1,0,0,0,0,0,0
218.wav,1,0,1,0,0,0,0,0,0
219.wav,1,0,1,0,0,0,0,0,0
220.wav,1,0,1,0,0,0,0,0,0
221.wav,1,0,1,0,0,0,0,0,0
222.wav,1,0,1,0,0,0,0,0,0
223.wav,1,0,1,0,0,0,0,0,0
224.wav,1,0,1,0,0,0,0,0,0
225.wav,1,0,1,0,0,0,0,0,0
226.wav,1,0,1,0,0,0,0,0,0
227.wav,1,0,1,0,0,0,0,0,0
228.wav,1,0,1,0,0,0,0,0,0
229.wav,1,0,1,0,0,0,0,0,0
230.wav,1,0,1,0,0,0,0,0,0
231.wav,1,0,1,0,0,0,0,0,0
232.wav,1,0,1,0,0,0,0,0,0
233.wav,1,0,1,0,0,0,0,0,0
234.wav,1,0,1,0,0,0,0,0,0
235.wav,1,0,1,0,0,0,0,0,0
236.wav,1,0,1,0,0,0,0,0,0
237.wav,1,0,0,0,0,1,0,0,0
238.wav,1,0,0,0,0,1,0,0,0
239.wav,1,0,0,0,0,1,0,0,0
240.wav,1,0,0,0,0,1,0,0,0
241.wav,1,0,0,0,0,1,0,0,0
242.wav,1,0,0,0,0,1,0,0,0
243.wav,1,0,0,0,0,1,0,0,0
244.wav,1,0,0,0,0,1,0,0,0
245.wav,1,0,0,0,0,1,0,0,0
246.wav,1,0,0,0,0,1,0,0,0
247.wav,1,0,0,0,0,1,0,0,0
248.wav,1,0,0,0,0,1,0,0,0
249.wav,1,0,0,0,0,1,0,0,0
250.wav,1,0,0,0,0,1,0,0,0
251.wav,1,0,0,0,0,1,0,0,0
252.wav,1,0,0,0,0,1,0,0,0
253.wav,1,0,0,0,0,1,0,0,0
254.wav,1,0,0,0,0,1,0,0,0
255.wav,1,0,0,0,0,1,0,0,0
256.wav,1,0,0,0,0,1,0,0,0
257.wav,1,0,0,0,0,1,0,0,0
258.wav,1,0,0,0,0,1,0,0,0
259.wav,1,0,0,0,0,1,0,0,0
260.wav,1,0,0,0,0,1,0,0,0
261.wav,1,0,0,0,0,1,0,0,0
262.wav,1,0,0,0,0,1,0,0,0
263.wav,1,0,0,0,0,1,0,0,0
264.wav,1,0,0,0,0,1,0,0,0
265.wav,1,0,0,0,0,1,0,0,0
266.wav,1,0,0,0,0,1,0,0,0
267.wav,1,0,0,0,0,1,0,0,0
268.wav,1,0,0,0,0,1,0,0,0
269.wav,1,0,0,0,0,1,0,0,0
270.wav,1,0,0,0,0,1,0,0,0
271.wav,1,0,0,0,0,1,0,0,0
272.wav,1,0,0,0,0,1,0,0,0
273.wav,1,0,0,0,0,1,0,0,0
274.wav,1,0,0,0,0,1,0,0,0
275.wav,1,0,0,0,0,1,0,0,0
276.wav,1,0,0,0,0,1,0,0,0
277.wav,1,0,0,0,0,1,0,0,0
278.wav,1,0,0,0,0,1,0,0,0
279.wav,1,0,0,0,0,1,0,0,0
280.wav,1,0,0,0,0,1,0,0,0
281.wav,1,0,0,0,0,1,0,0,0
282.wav,1,0,0,0,0,1,0,0,0
283.wav,1,0,0,0,0,1,0,0,0
284.wav,1,0,0,0,0,1,0,0,0
285.wav,1,0,0,0,0,1,0,0,0
286.wav,1,0,0,0,0,1,0,0,0
287.wav,1,0,0,0,0,1,0,0,0
288.wav,1,0,0,0,0,1,0,0,0
289.wav,1,0,0,0,0,1,0,0,0
290.wav,1,0,0,0,0,1,0,0,0
291.wav,1,0,0,0,0,1,0,0,0
292.wav,1,0,0,0,0,1,0,0,0
293.wav,1,0,0,0,0,1,0,0,0
294.wav,1,0,0,0,0,1,0,0,0
295.wav,1,0,0,0,0,1,0,0,0
296.wav,1,0,0,0,0,1,0,0,0
297.wav,1,0,0,0,0,1,0,0,0
298.wav,1,0,0,0,0,1,0,0,0
299.wav,1,0,0,0,0,1,0,0,0
300.wav,1,0,0,0,0,1,0,0,0
301.wav,1,0,0,0,0,1,0,0,0
302.wav,1,0,0,0,0,1,0,0,0
303.wav,1,0,0,0,0,1,0,0,0
304.wav,1,0,0,0,0,1,0,0,0
305.wav,1,0,0,0,0,1,0,0,0
306.wav,1,0,0,0,0,1,0,0,0
307.wav,1,0,0,0,0,1,0,0,0
308.wav,1,0,0,0,0,1,0,0,0
309.wav,1,0,0,0,0,1,0,0,0
310.wav,1,0,0,0,0,1,0,0,0
311.wav,1,0,0,0,0,1,0,0,0
312.wav,1,0,0,0,0,1,0,0,0
313.wav,1,0,0,0,0,1,0,0,0
314.wav,1,0,0,0,0,1,0,0,0
315.wav,1,0,0,0,0,1,0,0,0
316.wav,1,0,0,0,0,1,0,0,0
317.wav,1,0,0,0,0,1,0,0,0
318.wav,1,0,0,0,0,1,0,0,0
319.wav,1,0,0,0,0,1,0,0,0
320.wav,1,0,0,0,0,1,0,0,0
321.wav,1,0,0,0,0,1,0,0,0
322.wav,1,0,0,0,0,1,0,0,0
323.wav,1,0,0,0,0,1,0,0,0
324.wav,1,0,0,0,0,1,0,0,0
325.wav,1,0,0,0,0,1,0,0,0
326.wav,1,0,0,0,0,1,0,0,0
327.wav,1,0,0,0,0,1,0,0,0
328.wav,1,0,0,0,0,1,0,0,0
329.wav,1,0,0,0,0,1,0,0,0
330.wav,1,0,0,0,0,1,0,0,0
331.wav,1,0,0,0,0,1,0,0,0
332.wav,1,0,0,0,0,1,0,0,0
333.wav,1,0,0,0,0,1,0,0,0
334.wav,1,0,0,0,0,1,0,0,0
335.wav,1,0,0,0,0,1,0,0,0
336.wav,1,0,0,0,0,1,0,0,0
337.wav,1,0,0,0,0,1,0,0,0
338.wav,1,0,0,0,0,1,0,0,0
339.wav,1,0,0,0,0,1,0,0,0
340.wav,1,0,0,0,0,1,0,0,0
341.wav,1,0,0,0,0,1,0,0,0
342.wav,1,0,0,0,0,1,0,0,0
343.wav,1,0,0,0,0,1,0,0,0
344.wav,1,0,0,0,0,1,0,0,0
345.wav,1,0,0,0,0,1,0,0,0
346.wav,1,0,0,0,0,1,0,0,0
347.wav,1,0,0,0,0,1,0,0,0
348.wav,1,0,0,0,0,1,0,0,0
349.wav,1,0,0,0,0,1,0,0,0
350.wav,1,0,0,0,0,1,0,0,0
351.wav,1,0,0,0,0,1,0,0,0
352.wav,1,0,0,0,0,1,0,0,0
353.wav,1,0,0,0,0,1,0,0,0
354.wav,1,0,0,0,0,1,0,0,0
355.wav,1,0,0,0,0,1,0,0,0
356.wav,1,0,0,0,0,1,0,0,0
357.wav,1,0,0,0,0,1,0,0,0
358.wav,1,0,0,0,0,1,0,0,0
359.wav,1,0,0,0,0,1,0,0,0
360.wav,1,0,0,0,0,1,0,0,0
361.wav,1,0,0,0,0,1,0,0,0
362.wav,1,0,0,0,0,1,0,0,0
363.wav,1,0,0,0,0,1,0,0,0
364.wav,1,0,0,0,0,1,0,0,0
365.wav,1,0,0,0,0,1,0,0,0
366.wav,1,0,0,0,0,1,0,0,0
367.wav,1,0,0,0,0,1,0,0,0
368.wav,1,0,0,0,0,1,0,0,0
369.wav,1,0,0,0,0,1,0,0,0
370.wav,1,0,0,0,0,1,0,0,0
371.wav,1,0,0,0,0,1,0,0,0
372.wav,1,0,0,0,0,1,0,0,0
373.wav,1,0,0,0,0,1,0,0,0
374.wav,1,0,0,0,0,1,0,0,0
375.wav,1,0,0,0,0,1,0,0,0
376.wav,1,0,0,0,0,1,0,0,0
377.wav,1,0,0,0,0,1,0,0,0
378.wav,1,0,0,0,0,1,0,0,0
379.wav,1,0,0,0,0,1,0,0,0
380.wav,1,0,0,0,0,1,0,0,0
381.wav,1,0,0,0,0,1,0,0,0
382.wav,1,0,0,0,0,1,0,0,0
383.wav,1,0,0,0,0,1,0,0,0
384.wav,1,0,0,0,0,1,0,0,0
385.wav,1,0,0,0,0,1,0,0,0
386.wav,1,0,0,0,0,1,0,0,0
387.wav,1,0,0,0,0,1,0,0,0
388.wav,1,0,0,0,0,1,0,0,0
389.wav,1,0,0,0,0,1,0,0,0
390.wav,1,0,0,0,0,1,0,0,0
391.wav,1,0,0,0,0,1,0,0,0
392.wav,1,0,0,0,0,1,0,0,0
393.wav,1,0,0,0,0,1,0,0,0
394.wav,1,0,0,0,0,1,0,0,0
395.wav,1,0,0,0,0,1,0,0,0
396.wav,1,0,0,0,0,1,0,0,0
397.wav,1,0,0,0,0,1,0,0,0
398.wav,1,0,0,0,0,1,0,0,0
399.wav,1,0,0,0,0,1,0,0,0
400.wav,1,0,0,0,0,1,0,0,0
401.wav,1,0,0,0,0,1,0,0,0
402.wav,1,0,0,0,0,1,0,0,0
403.wav,1,0,0,0,0,1,0,0,0
404.wav,1,0,0,0,0,1,0,0,0
405.wav,1,0,0,0,0,1,0,0,0
406.wav,1,0,0,0,0,1,0,0,0
407.wav,1,0,0,0,0,1,0,0,0
408.wav,1,0,0,0,0,1,0,0,0
409.wav,1,0,0,0,0,1,0,0,0
410.wav,1,0,0,0,0,1,0,0,0
411.wav,1,0,0,0,0,1,0,0,0
412.wav,1,0,0,0,0,1,0,0,0
413.wav,1,0,0,0,0,1,0,0,0
414.wav,1,0,0,0,0,1,0,0,0
415.wav,1,0,0,0,0,1,0,0,0
416.wav,1,0,0,0,0,1,0,0,0
417.wav,1,0,0,0,0,1,0,0,0
418.wav,1,0,0,0,0,1,0,0,0
419.wav,1,0,0,0,0,1,0,0,0
420.wav,1,0,0,0,0,1,0,0,0
421.wav,1,0,0,0,0,1,0,0,0
422.wav,1,0,0,0,0,1,0,0,0
423.wav,1,0,0,0,0,1,0,0,0
424.wav,1,0,0,0,0,1,0,0,0
425.wav,1,0,0,0,0,1,0,0,0
426.wav,1,0,0,0,0,1,0,0,0
427.wav,1,0,0,0,0,1,0,0,0
428.wav,1,0,0,0,0,1,0,0,0
429.wav,1,0,0,0,0,1,0,0,0
430.wav,1,0,0,0,0,1,0,0,0
431.wav,1,0,0,0,0,1,0,0,0
432.wav,1,0,0,0,0,1,0,0,0
433.wav,1,0,0,0,0,1,0,0,0
434.wav,1,0,0,0,0,1,0,0,0
435.wav,1,0,0,0,0,1,0,0,0
436.wav,1,0,0,0,0,1,0,0,0
437.wav,1,0,0,0,0,1,0,0,0
438.wav,1,0,0,0,0,1,0,0,0
439.wav,1,0,0,0,0,1,0,0,0
440.wav,1,0,0,0,0,1,0,0,0
441.wav,1,0,0,0,0,1,0,0,0
442.wav,1,0,0,0,0,1,0,0,0
443.wav,1,0,0,0,0,1,0,0,0
444.wav,1,0,0,0,0,1,0,0,0
445.wav,1,0,0,0,0,1,0,0,0
446.wav,1,0,0,0,0,1,0,0,0
447.wav,1,0,0,0,0,1,0,0,0
448.wav,1,0,0,0,0,1,0,0,0
449.wav,1,0,0,0,0,1,0,0,0
450.wav,1,0,0,0,0,1,0,0,0
451.wav,1,0,0,0,0,1,0,0,0
452.wav,1,0,0,0,0,1,0,0,0
453.wav,1,0,0,0,0,1,0,0,0
454.wav,1,0,0,0,0,1,0,0,0
455.wav,1,0,0,0,0,1,0,0,0
456.wav,1,0,0,0,0,1,0,0,0
457.wav,1,0,0,0,0,1,0,0,0
458.wav,1,0,0,0,0,1,0,0,0
459.wav,1,0,0,0,0,1,0,0,0
460.wav,1,0,0,0,0,1,0,0,0
461.wav,1,0,0,0,0,1,0,0,0
462.wav,1,0,0,0,0,1,0,0,0
463.wav,1,0,0,0,0,1,0,0,0
464.wav,1,0,0,0,0,1,0,0,0
465.wav,1,0,0,0,0,1,0,0,0
466.wav,1,0,0,0,0,1,0,0,0
467.wav,1,0,0,0,0,1,0,0,0
468.wav,1,0,0,0,0,1,0,0,0
469.wav,1,0,0,0,0,1,0,0,0
470.wav,1,0,0,0,0,1,0,0,0
471.wav,1,0,0,0,0,1,0,0,0
472.wav,1,0,0,0,0,1,0,0,0
473.wav,1,0,0,0,0,1,0,0,0
474.wav,1,0,0,0,0,1,0,0,0
475.wav,1,0,0,0,0,1,0,0,0
476.wav,1,0,0,0,0,1,0,0,0
477.wav,1,0,0,0,0,1,0,0,0
478.wav,1,0,0,0,0,1,0,0,0
479.wav,1,0,0,0,0,1,0,0,0
480.wav,1,0,0,0,0,1,0,0,0
481.wav,1,0,0,0,0,1,0,0,0
482.wav,1,0,0,0,0,1,0,0,0
483.wav,1,0,0,0,0,1,0,0,0
484.wav,1,0,0,0,0,1,0,0,0
485.wav,1,0,0,0,0,1,0,0,0
486.wav,1,0,0,0,0,1,0,0,0
487.wav,1,0,0,0,0,1,0,0,0
488.wav,1,0,0,0,0,1,0,0,0
489.wav,1,0,0,0,0,1,0,0,0
490.wav,1,0,0,0,0,1,0,0,0
491.wav,1,0,0,0,0,1,0,0,0
492.wav,1,0,0,0,0,1,0,0,0
493.wav,1,0,0,0,0,1,0,0,0
494.wav,1,0,0,0,0,1,0,0,0
495.wav,1,0,0,0,0,1,0,0,0
496.wav,1,0,0,0,0,1,0,0,0
497.wav,1,0,0,0,0,0,0,1,0
498.wav,1,0,0,0,0,0,0,1,0
499.wav,1,0,0,0,0,0,0,1,0
500.wav,1,0,0,0,0,0,0,1,0
501.wav,1,0,0,0,0,0,0,1,0
502.wav,1,0,0,0,0,0,0,1,0
503.wav,1,0,0,0,0,0,0,1,0
504.wav,1,0,0,0,0,0,0,1,0
505.wav,1,0,0,0,0,0,0,1,0
506.wav,1,0,0,0,0,0,0,1,0
507.wav,1,0,0,0,0,0,0,1,0
508.wav,1,0,0,0,0,0,0,1,0
509.wav,1,0,0,0,0,0,0,1,0
510.wav,1,0,0,0,0,0,0,1,0
511.wav,1,0,0,0,0,0,0,1,0
512.wav,1,0,0,0,0,0,0,1,0
513.wav,1,0,0,0,0,0,0,1,0
514.wav,1,0,0,0,0,0,0,1,0
515.wav,1,0,0,0,0,0,0,1,0
516.wav,1,0,0,0,0,0,0,1,0
517.wav,1,0,0,0,0,0,0,1,0
518.wav,1,0,0,0,0,0,0,1,0
519.wav,1,0,0,0,0,0,0,1,0
520.wav,1,0,0,0,0,0,0,1,0
521.wav,1,0,0,0,0,0,0,1,0
522.wav,1,0,0,0,0,0,0,1,0
523.wav,1,0,0,0,0,0,0,1,0
524.wav,1,0,0,0,0,0,0,1,0
525.wav,1,0,0,0,0,0,0,1,0
526.wav,1,0,0,0,0,0,0,1,0
527.wav,1,0,0,0,0,0,0,1,0
528.wav,1,0,0,0,0,0,0,1,0
529.wav,1,0,0,0,0,0,0,1,0
530.wav,1,0,0,0,0,0,0,1,0
531.wav,1,0,0,0,0,0,0,1,0
532.wav,1,0,0,0,0,0,0,1,0
533.wav,1,0,0,0,0,0,0,1,0
534.wav,1,0,0,0,0,0,0,1,0
535.wav,1,0,0,0,0,0,0,1,0
536.wav,1,0,0,0,0,0,0,1,0
537.wav,1,0,0,0,0,0,0,1,0
538.wav,1,0,0,0,0,0,0,1,0
539.wav,1,0,0,0,0,0,0,1,0
540.wav,1,0,0,0,0,0,0,1,0
541.wav,1,0,0,0,0,0,0,1,0
542.wav,1,0,0,0,0,0,0,1,0
543.wav,1,0,0,0,0,0,0,1,0
544.wav,1,0,0,0,0,0,0,1,0
545.wav,1,0,0,0,0,0,0,1,0
546.wav,1,0,0,0,0,0,0,1,0
547.wav,1,0,0,0,0,0,0,1,0
548.wav,1,0,0,0,0,0,0,1,0
549.wav,1,0,0,0,0,0,0,1,0
550.wav,1,0,0,0,0,0,0,1,0
551.wav,1,0,0,0,0,0,0,1,0
552.wav,1,0,0,0,0,0,0,1,0
553.wav,1,0,0,0,0,0,0,1,0
554.wav,1,0,0,0,0,0,0,1,0
555.wav,1,0,0,0,0,0,0,1,0
556.wav,1,0,0,0,0,0,0,1,0
557.wav,1,0,0,0,0,0,0,1,0
558.wav,1,0,0,0,0,0,0,1,0
559.wav,1,0,0,0,0,0,0,1,0
560.wav,1,0,0,0,0,0,0,1,0
561.wav,1,0,0,0,0,0,0,1,0
562.wav,1,0,0,0,0,0,0,1,0
563.wav,1,0,0,0,0,0,0,1,0
564.wav,1,0,0,0,0,0,0,1,0
565.wav,1,0,0,0,0,0,0,1,0
566.wav,1,0,0,0,0,0,0,1,0
567.wav,1,0,0,0,0,0,0,1,0
568.wav,1,0,0,0,0,0,0,1,0
569.wav,1,0,0,0,0,0,0,1,0
570.wav,1,0,0,0,0,0,0,1,0
571.wav,1,0,0,0,0,0,0,1,0
572.wav,1,0,0,0,0,0,0,1,0
573.wav,1,0,0,0,0,0,0,1,0
574.wav,1,0,0,0,0,0,0,1,0
575.wav,1,0,0,0,0,0,0,1,0
576.wav,1,0,0,0,0,0,0,1,0
577.wav,1,0,0,0,0,0,0,1,0
578.wav,1,0,0,0,0,0,0,1,0
579.wav,1,0,0,0,0,0,0,1,0
580.wav,1,0,0,0,0,0,0,1,0
581.wav,1,0,0,0,0,0,0,1,0
582.wav,1,0,0,0,0,0,0,1,0
583.wav,1,0,0,0,0,0,0,1,0
584.wav,1,0,0,0,0,0,0,1,0
585.wav,1,0,0,0,0,0,0,1,0
586.wav,1,0,0,0,0,0,0,1,0
587.wav,1,0,0,0,0,0,0,1,0
588.wav,1,0,0,0,0,0,0,1,0
589.wav,1,0,0,0,0,0,0,1,0
590.wav,1,0,0,0,0,0,0,1,0
591.wav,1,0,0,0,0,0,0,1,0
592.wav,1,0,0,0,0,0,0,1,0
593.wav,1,0,0,0,0,0,0,1,0
594.wav,1,0,0,0,0,0,0,1,0
595.wav,1,0,0,0,0,0,0,1,0
596.wav,1,0,0,0,0,0,0,1,0
597.wav,1,0,0,0,0,0,0,1,0
598.wav,1,0,0,0,0,0,0,1,0
599.wav,1,0,0,0,0,0,0,1,0
600.wav,1,0,0,0,0,0,0,1,0
601.wav,1,0,0,0,0,0,0,1,0
602.wav,1,0,0,0,0,0,0,1,0
603.wav,1,0,0,0,0,0,0,1,0
604.wav,1,0,0,0,0,0,0,1,0
605.wav,1,0,0,0,0,0,0,1,0
606.wav,1,0,0,0,0,0,0,1,0
607.wav,1,0,0,0,0,0,0,1,0
608.wav,1,0,0,0,0,0,0,1,0
609.wav,1,0,0,0,0,0,0,1,0
610.wav,1,0,0,0,0,0,0,1,0
611.wav,1,0,0,0,0,0,0,1,0
612.wav,1,0,0,0,0,0,0,1,0
613.wav,1,0,0,0,0,0,0,1,0
614.wav,1,0,0,0,0,0,0,1,0
615.wav,1,0,0,0,0,0,0,1,0
616.wav,1,0,0,0,0,0,0,1,0
617.wav,1,0,0,0,0,0,0,1,0
618.wav,1,0,0,0,0,0,0,1,0
619.wav,1,0,0,0,0,0,0,1,0
620.wav,1,0,0,0,0,0,0,1,0
621.wav,1,0,0,0,0,0,0,1,0
622.wav,1,0,0,0,0,0,0,1,0
623.wav,1,0,0,0,0,0,0,1,0
624.wav,1,0,0,0,0,0,0,1,0
625.wav,1,0,0,0,0,0,0,1,0
626.wav,1,0,0,0,0,0,0,1,0
627.wav,1,0,0,0,0,0,0,1,0
628.wav,1,0,0,0,0,0,0,1,0
629.wav,1,0,0,0,0,0,0,1,0
630.wav,1,0,0,0,0,0,0,1,0
631.wav,1,0,0,0,0,0,0,1,0
632.wav,1,0,0,0,0,0,0,1,0
633.wav,1,0,0,0,0,0,0,1,0
634.wav,1,0,0,0,0,0,0,1,0
635.wav,1,0,0,0,0,0,0,1,0
636.wav,1,0,0,0,0,0,0,1,0
637.wav,1,0,0,0,0,0,0,1,0
638.wav,1,0,0,0,0,0,0,1,0
639.wav,1,0,0,0,0,0,0,1,0
640.wav,1,0,0,0,0,0,0,1,0
641.wav,1,0,0,0,0,0,0,1,0
642.wav,1,0,0,0,0,0,0,1,0
643.wav,1,0,0,0,0,0,0,1,0
644.wav,1,0,0,0,0,0,0,1,0
645.wav,1,0,0,0,0,0,0,1,0
646.wav,1,0,0,0,0,0,0,1,0
647.wav,1,0,0,0,0,0,0,1,0
648.wav,1,0,0,0,0,0,0,1,0
649.wav,1,0,0,0,0,0,0,1,0
650.wav,1,0,0,0,0,0,0,1,0
651.wav,1,0,0,0,0,0,0,1,0
652.wav,1,0,0,0,0,0,0,1,0
653.wav,1,0,1,0,0,0,0,0,0
654.wav,1,0,1,0,0,0,0,0,0
655.wav,1,0,1,0,0,0,0,0,0
656.wav,1,0,1,0,0,0,0,0,0
657.wav,1,0,1,0,0,0,0,0,0
658.wav,1,0,1,0,0,0,0,0,0
659.wav,1,0,1,0,0,0,0,0,0
660.wav,1,0,1,0,0,0,0,0,0
661.wav,1,0,1,0,0,0,0,0,0
662.wav,1,0,1,0,0,0,0,0,0
663.wav,1,0,1,0,0,0,0,0,0
664.wav,1,0,1,0,0,0,0,0,0
665.wav,1,0,1,0,0,0,0,0,0
666.wav,1,0,1,0,0,0,0,0,0
667.wav,1,0,1,0,0,0,0,0,0
668.wav,1,0,1,0,0,0,0,0,0
669.wav,1,0,1,0,0,0,0,0,0
670.wav,1,0,1,0,0,0,0,0,0
671.wav,1,0,1,0,0,0,0,0,0
672.wav,1,0,1,0,0,0,0,0,0
673.wav,1,0,1,0,0,0,0,0,0
674.wav,1,0,1,0,0,0,0,0,0
675.wav,1,0,1,0,0,0,0,0,0
676.wav,1,0,1,0,0,0,0,0,0
677.wav,1,0,1,0,0,0,0,0,0
678.wav,1,0,1,0,0,0,0,0,0
679.wav,1,0,1,0,0,0,0,0,0
680.wav,1,0,1,0,0,0,0,0,0
681.wav,1,0,1,0,0,0,0,0,0
682.wav,1,0,1,0,0,0,0,0,0
683.wav,1,0,1,0,0,0,0,0,0
684.wav,1,0,1,0,0,0,0,0,0
685.wav,1,0,1,0,0,0,0,0,0
686.wav,1,0,1,0,0,0,0,0,0
687.wav,1,0,1,0,0,0,0,0,0
688.wav,1,0,1,0,0,0,0,0,0
689.wav,1,0,1,0,0,0,0,0,0
690.wav,1,0,1,0,0,0,0,0,0
691.wav,1,0,1,0,0,0,0,0,0
692.wav,1,0,1,0,0,0,0,0,0
693.wav,1,0,1,0,0,0,0,0,0
694.wav,1,0,1,0,0,0,0,0,0
695.wav,1,0,1,0,0,0,0,0,0
696.wav,1,0,1,0,0,0,0,0,0
697.wav,1,0,1,0,0,0,0,0,0
698.wav,1,0,1,0,0,0,0,0,0
699.wav,1,0,1,0,0,0,0,0,0
700.wav,1,0,1,0,0,0,0,0,0
701.wav,1,0,1,0,0,0,0,0,0
702.wav,1,0,1,0,0,0,0,0,0
703.wav,1,0,1,0,0,0,0,0,0
704.wav,1,0,1,0,0,0,0,0,0
705.wav,1,0,1,0,0,0,0,0,0
706.wav,1,0,1,0,0,0,0,0,0
707.wav,1,0,1,0,0,0,0,0,0
708.wav,1,0,1,0,0,0,0,0,0
709.wav,1,0,1,0,0,0,0,0,0
710.wav,1,0,1,0,0,0,0,0,0
711.wav,1,0,1,0,0,0,0,0,0
712.wav,1,0,1,0,0,0,0,0,0
713.wav,1,0,1,0,0,0,0,0,0
714.wav,1,0,1,0,0,0,0,0,0
715.wav,1,0,1,0,0,0,0,0,0
716.wav,1,0,1,0,0,0,0,0,0
717.wav,1,0,1,0,0,0,0,0,0
718.wav,1,0,1,0,0,0,0,0,0
719.wav,1,0,1,0,0,0,0,0,0
720.wav,1,0,1,0,0,0,0,0,0
721.wav,1,0,1,0,0,0,0,0,0
722.wav,1,0,1,0,0,0,0,0,0
723.wav,1,0,1,0,0,0,0,0,0
724.wav,1,0,1,0,0,0,0,0,0
725.wav,1,0,1,0,0,0,0,0,0
726.wav,1,0,1,0,0,0,0,0,0
727.wav,1,0,1,0,0,0,0,0,0
728.wav,1,0,1,0,0,0,0,0,0
729.wav,1,0,1,0,0,0,0,0,0
730.wav,1,0,1,0,0,0,0,0,0
731.wav,1,0,1,0,0,0,0,0,0
732.wav,1,0,1,0,0,0,0,0,0
733.wav,1,0,1,0,0,0,0,0,0
734.wav,1,0,1,0,0,0,0,0,0
735.wav,1,0,1,0,0,0,0,0,0
736.wav,1,0,1,0,0,0,0,0,0
737.wav,1,0,1,0,0,0,0,0,0
738.wav,1,0,1,0,0,0,0,0,0
739.wav,1,0,1,0,0,0,0,0,0
740.wav,1,0,1,0,0,0,0,0,0
741.wav,1,0,1,0,0,0,0,0,0
742.wav,1,0,1,0,0,0,0,0,0
743.wav,1,0,1,0,0,0,0,0,0
744.wav,1,0,1,0,0,0,0,0,0
745.wav,1,0,1,0,0,0,0,0,0
746.wav,1,0,1,0,0,0,0,0,0
747.wav,1,0,1,0,0,0,0,0,0
748.wav,1,0,1,0,0,0,0,0,0
749.wav,1,0,1,0,0,0,0,0,0
750.wav,1,0,1,0,0,0,0,0,0
751.wav,1,0,1,0,0,0,0,0,0
752.wav,1,0,1,0,0,0,0,0,0
753.wav,1,0,1,0,0,0,0,0,0
754.wav,1,0,1,0,0,0,0,0,0
755.wav,1,0,1,0,0,0,0,0,0
756.wav,1,0,1,0,0,0,0,0,0
757.wav,1,0,1,0,0,0,0,0,0
758.wav,1,0,1,0,0,0,0,0,0
759.wav,1,0,1,0,0,0,0,0,0
760.wav,1,0,1,0,0,0,0,0,0
761.wav,1,0,1,0,0,0,0,0,0
762.wav,1,0,1,0,0,0,0,0,0
763.wav,1,0,1,0,0,0,0,0,0
764.wav,1,0,1,0,0,0,0,0,0
765.wav,1,0,1,0,0,0,0,0,0
766.wav,1,0,1,0,0,0,0,0,0
767.wav,1,0,1,0,0,0,0,0,0
768.wav,1,0,1,0,0,0,0,0,0
769.wav,1,0,1,0,0,0,0,0,0
770.wav,1,0,1,0,0,0,0,0,0
771.wav,1,0,1,0,0,0,0,0,0
772.wav,1,0,1,0,0,0,0,0,0
773.wav,1,0,1,0,0,0,0,0,0
774.wav,1,0,1,0,0,0,0,0,0
775.wav,1,0,1,0,0,0,0,0,0
776.wav,1,0,1,0,0,0,0,0,0
777.wav,1,0,1,0,0,0,0,0,0
778.wav,1,0,1,0,0,0,0,0,0
779.wav,1,0,1,0,0,0,0,0,0
780.wav,1,0,1,0,0,0,0,0,0
781.wav,1,0,1,0,0,0,0,0,0
782.wav,1,0,1,0,0,0,0,0,0
783.wav,1,0,1,0,0,0,0,0,0
784.wav,1,0,1,0,0,0,0,0,0
785.wav,1,0,1,0,0,0,0,0,0
786.wav,1,0,1,0,0,0,0,0,0
787.wav,1,0,1,0,0,0,0,0,0
788.wav,1,0,1,0,0,0,0,0,0
789.wav,1,0,0,0,1,0,0,0,0
790.wav,1,0,0,0,1,0,0,0,0
791.wav,1,0,0,0,1,0,0,0,0
792.wav,1,0,0,0,1,0,0,0,0
793.wav,1,0,0,0,1,0,0,0,0
794.wav,1,0,0,0,1,0,0,0,0
795.wav,1,0,0,0,1,0,0,0,0
796.wav,1,0,0,0,1,0,0,0,0
797.wav,1,0,0,0,1,0,0,0,0
798.wav,1,0,0,0,1,0,0,0,0
799.wav,1,0,0,0,1,0,0,0,0
800.wav,1,0,0,0,1,0,0,0,0
801.wav,1,0,0,0,1,0,0,0,0
802.wav,1,0,0,0,1,0,0,0,0
803.wav,1,0,0,0,1,0,0,0,0
804.wav,1,0,0,0,1,0,0,0,0
805.wav,1,0,0,0,1,0,0,0,0
806.wav,1,0,0,0,1,0,0,0,0
807.wav,1,0,0,0,1,0,0,0,0
808.wav,1,0,0,0,1,0,0,0,0
809.wav,1,0,0,0,1,0,0,0,0
810.wav,1,0,0,0,1,0,0,0,0
811.wav,1,0,0,0,1,0,0,0,0
812.wav,1,0,0,0,1,0,0,0,0
813.wav,1,0,0,0,1,0,0,0,0
814.wav,1,0,0,0,1,0,0,0,0
815.wav,1,0,0,0,1,0,0,0,0
816.wav,1,0,0,0,1,0,0,0,0
817.wav,1,0,0,0,1,0,0,0,0
818.wav,1,0,0,0,1,0,0,0,0
819.wav,1,0,0,0,1,0,0,0,0
820.wav,1,0,0,0,1,0,0,0,0
821.wav,1,0,0,0,1,0,0,0,0
822.wav,1,0,0,0,1,0,0,0,0
823.wav,1,0,0,0,1,0,0,0,0
824.wav,1,0,0,0,1,0,0,0,0
825.wav,1,0,0,0,1,0,0,0,0
826.wav,1,0,0,0,1,0,0,0,0
827.wav,1,0,0,0,1,0,0,0,0
828.wav,1,0,0,0,1,0,0,0,0
829.wav,1,0,0,0,1,0,0,0,0
830.wav,1,0,0,0,1,0,0,0,0
831.wav,1,0,0,0,1,0,0,0,0
832.wav,1,0,0,0,1,0,0,0,0
833.wav,1,0,0,0,1,0,0,0,0
834.wav,1,0,0,0,1,0,0,0,0
835.wav,1,0,0,0,1,0,0,0,0
836.wav,1,0,0,0,1,0,0,0,0
837.wav,1,0,0,0,1,0,0,0,0
838.wav,1,0,0,0,1,0,0,0,0
839.wav,1,0,0,0,1,0,0,0,0
840.wav,1,0,0,0,1,0,0,0,0
841.wav,1,0,0,0,1,0,0,0,0
842.wav,1,0,0,0,1,0,0,0,0
843.wav,1,0,0,0,1,0,0,0,0
844.wav,1,0,0,0,1,0,0,0,0
845.wav,1,0,0,0,1,0,0,0,0
846.wav,1,0,0,0,1,0,0,0,0
847.wav,1,0,0,0,1,0,0,0,0
848.wav,1,0,0,0,1,0,0,0,0
849.wav,1,0,0,0,1,0,0,0,0
850.wav,1,0,0,0,1,0,0,0,0
851.wav,1,0,0,0,1,0,0,0,0
852.wav,1,0,0,0,1,0,0,0,0
853.wav,1,0,0,0,1,0,0,0,0
854.wav,1,0,0,0,1,0,0,0,0
855.wav,1,0,0,0,1,0,0,0,0
856.wav,1,0,0,0,1,0,0,0,0
857.wav,1,0,0,0,1,0,0,0,0
858.wav,1,0,0,0,1,0,0,0,0
859.wav,1,0,0,0,1,0,0,0,0
860.wav,1,0,0,0,1,0,0,0,0
861.wav,1,0,0,0,1,0,0,0,0
862.wav,1,0,0,0,1,0,0,0,0
863.wav,1,0,0,0,1,0,0,0,0
864.wav,1,0,0,0,1,0,0,0,0
865.wav,1,0,0,0,1,0,0,0,0
866.wav,1,0,0,0,1,0,0,0,0
867.wav,1,0,0,0,1,0,0,0,0
868.wav,1,0,0,0,1,0,0,0,0
869.wav,1,0,0,0,1,0,0,0,0
870.wav,1,0,0,0,1,0,0,0,0
871.wav,1,0,0,0,1,0,0,0,0
872.wav,1,0,0,0,1,0,0,0,0
873.wav,1,0,0,0,1,0,0,0,0
874.wav,1,0,0,0,1,0,0,0,0
875.wav,1,0,0,0,1,0,0,0,0
876.wav,1,0,0,0,1,0,0,0,0
877.wav,1,0,0,0,1,0,0,0,0
878.wav,1,0,0,0,1,0,0,0,0
879.wav,1,0,0,0,1,0,0,0,0
880.wav,1,0,0,0,1,0,0,0,0
881.wav,1,0,0,0,1,0,0,0,0
882.wav,1,0,0,0,1,0,0,0,0
883.wav,1,0,0,0,1,0,0,0,0
884.wav,1,0,0,0,1,0,0,0,0
885.wav,1,0,0,0,1,0,0,0,0
886.wav,1,0,0,0,1,0,0,0,0
887.wav,1,0,0,0,1,0,0,0,0
888.wav,1,0,0,0,1,0,0,0,0
889.wav,1,0,0,0,1,0,0,0,0
890.wav,1,0,0,0,1,0,0,0,0
891.wav,1,0,0,0,1,0,0,0,0
892.wav,1,0,0,0,1,0,0,0,0
893.wav,1,0,0,0,1,0,0,0,0
894.wav,1,0,0,0,1,0,0,0,0
895.wav,1,0,0,0,1,0,0,0,0
896.wav,1,0,0,0,1,0,0,0,0
897.wav,1,0,0,0,1,0,0,0,0
898.wav,1,0,0,0,1,0,0,0,0
899.wav,1,0,0,0,1,0,0,0,0
900.wav,1,0,0,0,1,0,0,0,0
901.wav,1,0,0,0,1,0,0,0,0
902.wav,1,0,0,0,1,0,0,0,0
903.wav,1,0,0,0,1,0,0,0,0
904.wav,1,0,0,0,1,0,0,0,0
905.wav,1,0,0,0,1,0,0,0,0
906.wav,1,0,0,0,1,0,0,0,0
907.wav,1,0,0,0,1,0,0,0,0
908.wav,1,0,0,0,1,0,0,0,0
909.wav,1,1,0,0,0,0,0,0,0
910.wav,1,1,0,0,0,0,0,0,0
911.wav,1,1,0,0,0,0,0,0,0
912.wav,1,1,0,0,0,0,0,0,0
913.wav,1,1,0,0,0,0,0,0,0
914.wav,1,1,0,0,0,0,0,0,0
915.wav,1,1,0,0,0,0,0,0,0
916.wav,1,1,0,0,0,0,0,0,0
917.wav,1,1,0,0,0,0,0,0,0
918.wav,1,1,0,0,0,0,0,0,0
919.wav,1,1,0,0,0,0,0,0,0
920.wav,1,1,0,0,0,0,0,0,0
921.wav,1,1,0,0,0,0,0,0,0
922.wav,1,1,0,0,0,0,0,0,0
923.wav,1,1,0,0,0,0,0,0,0
924.wav,1,1,0,0,0,0,0,0,0
925.wav,1,1,0,0,0,0,0,0,0
926.wav,1,1,0,0,0,0,0,0,0
927.wav,1,1,0,0,0,0,0,0,0
928.wav,1,1,0,0,0,0,0,0,0
929.wav,1,1,0,0,0,0,0,0,0
930.wav,1,1,0,0,0,0,0,0,0
931.wav,1,1,0,0,0,0,0,0,0
932.wav,1,1,0,0,0,0,0,0,0
933.wav,1,1,0,0,0,0,0,0,0
934.wav,1,1,0,0,0,0,0,0,0
935.wav,1,1,0,0,0,0,0,0,0
936.wav,1,1,0,0,0,0,0,0,0
937.wav,1,1,0,0,0,0,0,0,0
938.wav,1,1,0,0,0,0,0,0,0
939.wav,1,1,0,0,0,0,0,0,0
940.wav,1,1,0,0,0,0,0,0,0
941.wav,1,1,0,0,0,0,0,0,0
942.wav,1,1,0,0,0,0,0,0,0
943.wav,1,1,0,0,0,0,0,0,0
944.wav,1,1,0,0,0,0,0,0,0
945.wav,1,1,0,0,0,0,0,0,0
946.wav,1,1,0,0,0,0,0,0,0
947.wav,1,1,0,0,0,0,0,0,0
948.wav,1,1,0,0,0,0,0,0,0
949.wav,1,1,0,0,0,0,0,0,0
950.wav,1,1,0,0,0,0,0,0,0
951.wav,1,1,0,0,0,0,0,0,0
952.wav,1,1,0,0,0,0,0,0,0
953.wav,1,1,0,0,0,0,0,0,0
954.wav,1,1,0,0,0,0,0,0,0
955.wav,1,1,0,0,0,0,0,0,0
956.wav,1,1,0,0,0,0,0,0,0
957.wav,1,1,0,0,0,0,0,0,0
958.wav,1,1,0,0,0,0,0,0,0
959.wav,1,1,0,0,0,0,0,0,0
960.wav,1,1,0,0,0,0,0,0,0
961.wav,1,1,0,0,0,0,0,0,0
962.wav,1,1,0,0,0,0,0,0,0
963.wav,1,1,0,0,0,0,0,0,0
964.wav,1,1,0,0,0,0,0,0,0
965.wav,1,1,0,0,0,0,0,0,0
966.wav,1,1,0,0,0,0,0,0,0
967.wav,1,1,0,0,0,0,0,0,0
968.wav,1,1,0,0,0,0,0,0,0
969.wav,1,1,0,0,0,0,0,0,0
970.wav,1,1,0,0,0,0,0,0,0
971.wav,1,1,0,0,0,0,0,0,0
972.wav,1,1,0,0,0,0,0,0,0
973.wav,1,1,0,0,0,0,0,0,0
974.wav,1,1,0,0,0,0,0,0,0
975.wav,1,1,0,0,0,0,0,0,0
976.wav,1,1,0,0,0,0,0,0,0
977.wav,1,1,0,0,0,0,0,0,0
978.wav,1,1,0,0,0,0,0,0,0
979.wav,1,1,0,0,0,0,0,0,0
980.wav,1,1,0,0,0,0,0,0,0
981.wav,1,1,0,0,0,0,0,0,0
982.wav,1,1,0,0,0,0,0,0,0
983.wav,1,1,0,0,0,0,0,0,0
984.wav,1,1,0,0,0,0,0,0,0
985.wav,1,1,0,0,0,0,0,0,0
986.wav,1,1,0,0,0,0,0,0,0
987.wav,1,1,0,0,0,0,0,0,0
988.wav,1,1,0,0,0,0,0,0,0
989.wav,1,1,0,0,0,0,0,0,0
990.wav,1,1,0,0,0,0,0,0,0
991.wav,1,1,0,0,0,0,0,0,0
992.wav,1,1,0,0,0,0,0,0,0
993.wav,1,1,0,0,0,0,0,0,0
994.wav,1,1,0,0,0,0,0,0,0
995.wav,1,1,0,0,0,0,0,0,0
996.wav,1,1,0,0,0,0,0,0,0
997.wav,1,1,0,0,0,0,0,0,0
998.wav,1,1,0,0,0,0,0,0,0
999.wav,1,1,0,0,0,0,0,0,0
1000.wav,1,1,0,0,0,0,0,0,0
1001.wav,1,1,0,0,0,0,0,0,0
1002.wav,1,1,0,0,0,0,0,0,0
1003.wav,1,1,0,0,0,0,0,0,0
1004.wav,1,1,0,0,0,0,0,0,0
1005.wav,1,1,0,0,0,0,0,0,0
1006.wav,1,1,0,0,0,0,0,0,0
1007.wav,1,1,0,0,0,0,0,0,0
1008.wav,1,1,0,0,0,0,0,0,0
1009.wav,1,1,0,0,0,0,0,0,0
1010.wav,1,1,0,0,0,0,0,0,0
1011.wav,1,1,0,0,0,0,0,0,0
1012.wav,1,1,0,0,0,0,0,0,0
1013.wav,1,1,0,0,0,0,0,0,0
1014.wav,1,1,0,0,0,0,0,0,0
1015.wav,1,1,0,0,0,0,0,0,0
1016.wav,1,1,0,0,0,0,0,0,0
1017.wav,1,1,0,0,0,0,0,0,0
1018.wav,1,1,0,0,0,0,0,0,0
1019.wav,1,1,0,0,0,0,0,0,0
1020.wav,1,1,0,0,0,0,0,0,0
1021.wav,1,1,0,0,0,0,0,0,0
1022.wav,1,1,0,0,0,0,0,0,0
1023.wav,1,1,0,0,0,0,0,0,0
1024.wav,1,1,0,0,0,0,0,0,0
1025.wav,1,1,0,0,0,0,0,0,0
1026.wav,1,1,0,0,0,0,0,0,0
1027.wav,1,1,0,0,0,0,0,0,0
1028.wav,1,1,0,0,0,0,0,0,0
1029.wav,1,1,0,0,0,0,0,0,0
1030.wav,1,1,0,0,0,0,0,0,0
1031.wav,1,1,0,0,0,0,0,0,0
1032.wav,1,1,0,0,0,0,0,0,0
1033.wav,1,0,0,1,0,0,0,0,0
1034.wav,1,0,0,1,0,0,0,0,0
1035.wav,1,0,0,1,0,0,0,0,0
1036.wav,1,0,0,1,0,0,0,0,0
1037.wav,1,0,0,1,0,0,0,0,0
1038.wav,1,0,0,1,0,0,0,0,0
1039.wav,1,0,0,1,0,0,0,0,0
1040.wav,1,0,0,1,0,0,0,0,0
1041.wav,1,0,0,1,0,0,0,0,0
1042.wav,1,0,0,1,0,0,0,0,0
1043.wav,1,0,0,1,0,0,0,0,0
1044.wav,1,0,0,1,0,0,0,0,0
1045.wav,1,0,0,1,0,0,0,0,0
1046.wav,1,0,0,1,0,0,0,0,0
1047.wav,1,0,0,1,0,0,0,0,0
1048.wav,1,0,0,1,0,0,0,0,0
1049.wav,1,0,0,1,0,0,0,0,0
1050.wav,1,0,0,1,0,0,0,0,0
1051.wav,1,0,0,1,0,0,0,0,0
1052.wav,1,0,0,1,0,0,0,0,0
1053.wav,1,0,0,1,0,0,0,0,0
1054.wav,1,0,0,1,0,0,0,0,0
1055.wav,1,0,0,1,0,0,0,0,0
1056.wav,1,0,0,1,0,0,0,0,0
1057.wav,1,0,0,1,0,0,0,0,0
1058.wav,1,0,0,1,0,0,0,0,0
1059.wav,1,0,0,1,0,0,0,0,0
1060.wav,1,0,0,1,0,0,0,0,0
1061.wav,1,0,0,1,0,0,0,0,0
1062.wav,1,0,0,1,0,0,0,0,0
1063.wav,1,0,0,1,0,0,0,0,0
1064.wav,1,0,0,1,0,0,0,0,0
1065.wav,1,0,0,1,0,0,0,0,0
1066.wav,1,0,0,1,0,0,0,0,0
1067.wav,1,0,0,1,0,0,0,0,0
1068.wav,1,0,0,1,0,0,0,0,0
1069.wav,1,0,0,1,0,0,0,0,0
1070.wav,1,0,0,1,0,0,0,0,0
1071.wav,1,0,0,1,0,0,0,0,0
1072.wav,1,0,0,1,0,0,0,0,0
1073.wav,1,0,0,1,0,0,0,0,0
1074.wav,1,0,0,1,0,0,0,0,0
1075.wav,1,0,0,1,0,0,0,0,0
1076.wav,1,0,0,1,0,0,0,0,0
1077.wav,1,0,0,1,0,0,0,0,0
1078.wav,1,0,0,1,0,0,0,0,0
1079.wav,1,0,0,1,0,0,0,0,0
1080.wav,1,0,0,1,0,0,0,0,0
1081.wav,1,0,0,1,0,0,0,0,0
1082.wav,1,0,0,1,0,0,0,0,0
1083.wav,1,0,0,1,0,0,0,0,0
1084.wav,1,0,0,1,0,0,0,0,0
1085.wav,1,0,0,1,0,0,0,0,0
1086.wav,1,0,0,1,0,0,0,0,0
1087.wav,1,0,0,1,0,0,0,0,0
1088.wav,1,0,0,1,0,0,0,0,0
1089.wav,1,0,0,1,0,0,0,0,0
1090.wav,1,0,0,1,0,0,0,0,0
1091.wav,1,0,0,1,0,0,0,0,0
1092.wav,1,0,0,1,0,0,0,0,0
1093.wav,1,0,0,1,0,0,0,0,0
1094.wav,1,0,0,1,0,0,0,0,0
1095.wav,1,0,0,1,0,0,0,0,0
1096.wav,1,0,0,1,0,0,0,0,0
1097.wav,1,0,0,1,0,0,0,0,0
1098.wav,1,0,0,1,0,0,0,0,0
1099.wav,1,0,0,1,0,0,0,0,0
1100.wav,1,0,0,1,0,0,0,0,0
1101.wav,1,0,0,1,0,0,0,0,0
1102.wav,1,0,0,1,0,0,0,0,0
1103.wav,1,0,0,1,0,0,0,0,0
1104.wav,1,0,0,1,0,0,0,0,0
1105.wav,1,0,0,1,0,0,0,0,0
1106.wav,1,0,0,1,0,0,0,0,0
1107.wav,1,0,0,1,0,0,0,0,0
1108.wav,1,0,0,1,0,0,0,0,0
1109.wav,1,0,0,1,0,0,0,0,0
1110.wav,1,0,0,1,0,0,0,0,0
1111.wav,1,0,0,1,0,0,0,0,0
1112.wav,1,0,0,1,0,0,0,0,0
1113.wav,1,0,0,1,0,0,0,0,0
1114.wav,1,0,0,1,0,0,0,0,0
1115.wav,1,0,0,1,0,0,0,0,0
1116.wav,1,0,0,1,0,0,0,0,0
1117.wav,1,0,0,1,0,0,0,0,0
1118.wav,1,0,0,1,0,0,0,0,0
1119.wav,1,0,0,1,0,0,0,0,0
1120.wav,1,0,0,1,0,0,0,0,0
1121.wav,1,0,0,1,0,0,0,0,0
1122.wav,1,0,0,1,0,0,0,0,0
1123.wav,1,0,0,1,0,0,0,0,0
1124.wav,1,0,0,1,0,0,0,0,0
1125.wav,1,0,0,1,0,0,0,0,0
1126.wav,1,0,0,1,0,0,0,0,0
1127.wav,1,0,0,1,0,0,0,0,0
1128.wav,1,0,0,1,0,0,0,0,0
1129.wav,1,0,0,1,0,0,0,0,0
1130.wav,1,0,0,1,0,0,0,0,0
1131.wav,1,0,0,1,0,0,0,0,0
1132.wav,1,0,0,1,0,0,0,0,0
1133.wav,1,0,0,1,0,0,0,0,0
1134.wav,1,0,0,1,0,0,0,0,0
1135.wav,1,0,0,1,0,0,0,0,0
1136.wav,1,0,0,1,0,0,0,0,0
1137.wav,1,0,0,1,0,0,0,0,0
1138.wav,1,0,0,1,0,0,0,0,0
1139.wav,1,0,0,1,0,0,0,0,0
1140.wav,1,0,0,1,0,0,0,0,0
1141.wav,1,0,0,1,0,0,0,0,0
1142.wav,1,0,0,1,0,0,0,0,0
1143.wav,1,0,0,1,0,0,0,0,0
1144.wav,1,0,0,1,0,0,0,0,0
1145.wav,1,0,0,1,0,0,0,0,0
1146.wav,1,0,0,1,0,0,0,0,0
1147.wav,1,0,0,1,0,0,0,0,0
1148.wav,1,0,0,1,0,0,0,0,0
1149.wav,1,0,0,1,0,0,0,0,0
1150.wav,1,0,0,1,0,0,0,0,0
1151.wav,1,0,0,1,0,0,0,0,0
1152.wav,1,0,0,1,0,0,0,0,0
1153.wav,1,0,0,1,0,0,0,0,0
1154.wav,1,0,0,1,0,0,0,0,0
1155.wav,1,0,0,1,0,0,0,0,0
1156.wav,1,0,0,1,0,0,0,0,0
1157.wav,1,0,0,0,0,0,1,0,0
1158.wav,1,0,0,0,0,0,1,0,0
1159.wav,1,0,0,0,0,0,1,0,0
1160.wav,1,0,0,0,0,0,1,0,0
1161.wav,1,0,0,0,0,0,1,0,0
1162.wav,1,0,0,0,0,0,1,0,0
1163.wav,1,0,0,0,0,0,1,0,0
1164.wav,1,0,0,0,0,0,1,0,0
1165.wav,1,0,0,0,0,0,1,0,0
1166.wav,1,0,0,0,0,0,1,0,0
1167.wav,1,0,0,0,0,0,1,0,0
1168.wav,1,0,0,0,0,0,1,0,0
1169.wav,1,0,0,0,0,0,1,0,0
1170.wav,1,0,0,0,0,0,1,0,0
1171.wav,1,0,0,0,0,0,1,0,0
1172.wav,1,0,0,0,0,0,1,0,0
1173.wav,1,0,0,0,0,0,1,0,0
1174.wav,1,0,0,0,0,0,1,0,0
1175.wav,1,0,0,0,0,0,1,0,0
1176.wav,1,0,0,0,0,0,1,0,0
1177.wav,1,0,0,0,0,0,1,0,0
1178.wav,1,0,0,0,0,0,1,0,0
1179.wav,1,0,0,0,0,0,1,0,0
1180.wav,1,0,0,0,0,0,1,0,0
1181.wav,1,0,0,0,0,0,1,0,0
1182.wav,1,0,0,0,0,0,1,0,0
1183.wav,1,0,0,0,0,0,1,0,0
1184.wav,1,0,0,0,0,0,1,0,0
1185.wav,1,0,0,0,0,0,1,0,0
1186.wav,1,0,0,0,0,0,1,0,0
1187.wav,1,0,0,0,0,0,1,0,0
1188.wav,1,0,0,0,0,0,1,0,0
1189.wav,1,0,0,0,0,0,1,0,0
1190.wav,1,0,0,0,0,0,1,0,0
1191.wav,1,0,0,0,0,0,1,0,0
1192.wav,1,0,0,0,0,0,1,0,0
1193.wav,1,0,0,0,0,0,1,0,0
1194.wav,1,0,0,0,0,0,1,0,0
1195.wav,1,0,0,0,0,0,1,0,0
1196.wav,1,0,0,0,0,0,1,0,0
1197.wav,1,0,0,0,0,0,1,0,0
1198.wav,1,0,0,0,0,0,1,0,0
1199.wav,1,0,0,0,0,0,1,0,0
1200.wav,1,0,0,0,0,0,1,0,0
1201.wav,1,0,0,0,0,0,1,0,0
1202.wav,1,0,0,0,0,0,1,0,0
1203.wav,1,0,0,0,0,0,1,0,0
1204.wav,1,0,0,0,0,0,1,0,0
1205.wav,1,0,0,0,0,0,1,0,0
1206.wav,1,0,0,0,0,0,1,0,0
1207.wav,1,0,0,0,0,0,1,0,0
1208.wav,1,0,0,0,0,0,1,0,0
1209.wav,1,0,0,0,0,0,1,0,0
1210.wav,1,0,0,0,0,0,1,0,0
1211.wav,1,0,0,0,0,0,1,0,0
1212.wav,1,0,0,0,0,0,1,0,0
1213.wav,1,0,0,0,0,0,1,0,0
1214.wav,1,0,0,0,0,0,1,0,0
1215.wav,1,0,0,0,0,0,1,0,0
1216.wav,1,0,0,0,0,0,1,0,0
1217.wav,1,0,0,0,0,0,1,0,0
1218.wav,1,0,0,0,0,0,1,0,0
1219.wav,1,0,0,0,0,0,1,0,0
1220.wav,1,0,0,0,0,0,1,0,0
1221.wav,1,0,0,0,0,0,1,0,0
1222.wav,1,0,0,0,0,0,1,0,0
1223.wav,1,0,0,0,0,0,1,0,0
1224.wav,1,0,0,0,0,0,1,0,0
1225.wav,1,0,0,0,0,0,1,0,0
1226.wav,1,0,0,0,0,0,1,0,0
1227.wav,1,0,0,0,0,0,1,0,0
1228.wav,1,0,0,0,0,0,1,0,0
1229.wav,1,0,0,0,0,0,1,0,0
1230.wav,1,0,0,0,0,0,1,0,0
1231.wav,1,0,0,0,0,0,1,0,0
1232.wav,1,0,0,0,0,0,1,0,0
1233.wav,1,0,0,0,0,0,1,0,0
1234.wav,1,0,0,0,0,0,1,0,0
1235.wav,1,0,0,0,0,0,1,0,0
1236.wav,1,0,0,0,0,0,1,0,0
1237.wav,1,0,0,0,0,0,1,0,0
1238.wav,1,0,0,0,0,0,1,0,0
1239.wav,1,0,0,0,0,0,1,0,0
1240.wav,1,0,0,0,0,0,1,0,0
1241.wav,1,0,0,0,0,0,1,0,0
1242.wav,1,0,0,0,0,0,1,0,0
1243.wav,1,0,0,0,0,0,1,0,0
1244.wav,1,0,0,0,0,0,1,0,0
1245.wav,1,0,0,0,0,0,1,0,0
1246.wav,1,0,0,0,0,0,1,0,0
1247.wav,1,0,0,0,0,0,1,0,0
1248.wav,1,0,0,0,0,0,1,0,0
1249.wav,1,0,0,0,0,0,1,0,0
1250.wav,1,0,0,0,0,0,1,0,0
1251.wav,1,0,0,0,0,0,1,0,0
1252.wav,1,0,0,0,0,0,1,0,0
1253.wav,1,0,0,0,0,0,1,0,0
1254.wav,1,0,0,0,0,0,1,0,0
1255.wav,1,0,0,0,0,0,1,0,0
1256.wav,1,0,0,0,0,0,1,0,0
1257.wav,1,0,0,0,0,0,1,0,0
1258.wav,1,0,0,0,0,0,1,0,0
1259.wav,1,0,0,0,0,0,1,0,0
1260.wav,1,0,0,0,0,0,1,0,0
1261.wav,1,0,0,0,0,0,1,0,0
1262.wav,1,0,0,0,0,0,1,0,0
1263.wav,1,0,0,0,0,0,1,0,0
1264.wav,1,0,0,0,0,0,1,0,0
1265.wav,1,0,0,0,0,0,1,0,0
1266.wav,1,0,0,0,0,0,1,0,0
1267.wav,1,0,0,0,0,0,1,0,0
1268.wav,1,0,0,0,0,0,1,0,0
1269.wav,1,0,0,0,0,0,1,0,0
1270.wav,1,0,0,0,0,0,1,0,0
1271.wav,1,0,0,0,0,0,1,0,0
1272.wav,1,0,0,0,0,0,1,0,0
1273.wav,1,0,0,0,0,0,1,0,0
1274.wav,1,0,0,0,0,0,1,0,0
1275.wav,1,0,0,0,0,0,1,0,0
1276.wav,1,0,0,0,0,0,1,0,0
1277.wav,1,0,0,0,0,0,1,0,0
1278.wav,1,0,0,0,0,0,1,0,0
1279.wav,1,0,0,0,0,0,1,0,0
1280.wav,1,0,0,0,0,0,1,0,0
1281.wav,1,0,0,0,0,0,1,0,0
1282.wav,1,0,0,0,0,0,1,0,0
1283.wav,1,0,0,0,0,0,1,0,0
1284.wav,1,0,0,0,0,0,1,0,0
1285.wav,1,0,0,0,0,0,1,0,0
1286.wav,1,0,0,0,0,0,1,0,0
1287.wav,1,0,0,0,0,0,1,0,0
1288.wav,1,0,0,0,0,0,1,0,0
1289.wav,1,0,0,0,0,0,1,0,0
1290.wav,1,0,0,0,0,0,1,0,0
1291.wav,1,0,0,0,0,0,1,0,0
1292.wav,1,0,0,0,0,0,1,0,0
1293.wav,1,0,0,0,0,0,0,0,1
1294.wav,1,0,0,0,0,0,0,0,1
1295.wav,1,0,0,0,0,0,0,0,1
1296.wav,1,0,0,0,0,0,0,0,1
1297.wav,1,0,0,0,0,0,0,0,1
1298.wav,1,0,0,0,0,0,0,0,1
1299.wav,1,0,0,0,0,0,0,0,1
1300.wav,1,0,0,0,0,0,0,0,1
1301.wav,1,0,0,0,0,0,0,0,1
1302.wav,1,0,0,0,0,0,0,0,1
1303.wav,1,0,0,0,0,0,0,0,1
1304.wav,1,0,0,0,0,0,0,0,1
1305.wav,1,0,0,0,0,0,0,0,1
1306.wav,1,0,0,0,0,0,0,0,1
1307.wav,1,0,0,0,0,0,0,0,1
1308.wav,1,0,0,0,0,0,0,0,1
1309.wav,1,0,0,0,0,0,0,0,1
1310.wav,1,0,0,0,0,0,0,0,1
1311.wav,1,0,0,0,0,0,0,0,1
1312.wav,1,0,0,0,0,0,0,0,1
1313.wav,1,0,0,0,0,0,0,0,1
1314.wav,1,0,0,0,0,0,0,0,1
1315.wav,1,0,0,0,0,0,0,0,1
1316.wav,1,0,0,0,0,0,0,0,1
1317.wav,1,0,0,0,0,0,0,0,1
1318.wav,1,0,0,0,0,0,0,0,1
1319.wav,1,0,0,0,0,0,0,0,1
1320.wav,1,0,0,0,0,0,0,0,1
1321.wav,1,0,0,0,0,0,0,0,1
1322.wav,1,0,0,0,0,0,0,0,1
1323.wav,1,0,0,0,0,0,0,0,1
1324.wav,1,0,0,0,0,0,0,0,1
1325.wav,1,0,0,0,0,0,0,0,1
1326.wav,1,0,0,0,0,0,0,0,1
1327.wav,1,0,0,0,0,0,0,0,1
1328.wav,1,0,0,0,0,0,0,0,1
1329.wav,1,0,0,0,0,0,0,0,1
1330.wav,1,0,0,0,0,0,0,0,1
1331.wav,1,0,0,0,0,0,0,0,1
1332.wav,1,0,0,0,0,0,0,0,1
1333.wav,1,0,0,0,0,0,0,0,1
1334.wav,1,0,0,0,0,0,0,0,1
1335.wav,1,0,0,0,0,0,0,0,1
1336.wav,1,0,0,0,0,0,0,0,1
1337.wav,1,0,0,0,0,0,0,0,1
1338.wav,1,0,0,0,0,0,0,0,1
1339.wav,1,0,0,0,0,0,0,0,1
1340.wav,1,0,0,0,0,0,0,0,1
1341.wav,1,0,0,0,0,0,0,0,1
1342.wav,1,0,0,0,0,0,0,0,1
1343.wav,1,0,0,0,0,0,0,0,1
1344.wav,1,0,0,0,0,0,0,0,1
1345.wav,1,0,0,0,0,0,0,0,1
1346.wav,1,0,0,0,0,0,0,0,1
1347.wav,1,0,0,0,0,0,0,0,1
1348.wav,1,0,0,0,0,0,0,0,1
1349.wav,1,0,0,0,0,0,0,0,1
1350.wav,1,0,0,0,0,0,0,0,1
1351.wav,1,0,0,0,0,0,0,0,1
1352.wav,1,0,0,0,0,0,0,0,1
1353.wav,1,0,0,0,0,0,0,0,1
1354.wav,1,0,0,0,0,0,0,0,1
1355.wav,1,0,0,0,0,0,0,0,1
1356.wav,1,0,0,0,0,0,0,0,1
1357.wav,1,0,0,0,0,0,0,0,1
1358.wav,1,0,0,0,0,0,0,0,1
1359.wav,1,0,0,0,0,0,0,0,1
1360.wav,1,0,0,0,0,0,0,0,1
1361.wav,1,0,0,0,0,0,0,0,1
1362.wav,1,0,0,0,0,0,0,0,1
1363.wav,1,0,0,0,0,0,0,0,1
1364.wav,1,0,0,0,0,0,0,0,1
1365.wav,1,0,0,0,0,0,0,0,1
1366.wav,1,0,0,0,0,0,0,0,1
1367.wav,1,0,0,0,0,0,0,0,1
1368.wav,1,0,0,0,0,0,0,0,1
1369.wav,1,0,0,0,0,0,0,0,1
1370.wav,1,0,0,0,0,0,0,0,1
1371.wav,1,0,0,0,0,0,0,0,1
1372.wav,1,0,0,0,0,0,0,0,1
1373.wav,1,0,0,0,0,0,0,0,1
1374.wav,1,0,0,0,0,0,0,0,1
1375.wav,1,0,0,0,0,0,0,0,1
1376.wav,1,0,0,0,0,0,0,0,1
1377.wav,1,0,0,0,0,0,0,0,1
1378.wav,1,0,0,0,0,0,0,0,1
1379.wav,1,0,0,0,0,0,0,0,1
1380.wav,1,0,0,0,0,0,0,0,1
1381.wav,1,0,0,0,0,0,0,0,1
1382.wav,1,0,0,0,0,0,0,0,1
1383.wav,1,0,0,0,0,0,0,0,1
1384.wav,1,0,0,0,0,0,0,0,1
1385.wav,1,0,0,0,0,0,0,0,1
1386.wav,1,0,0,0,0,0,0,0,1
1387.wav,1,0,0,0,0,0,0,0,1
1388.wav,1,0,0,0,0,0,0,0,1
1389.wav,1,0,0,0,0,0,0,0,1
1390.wav,1,0,0,0,0,0,0,0,1
1391.wav,1,0,0,0,0,0,0,0,1
1392.wav,1,0,0,0,0,0,0,0,1
1393.wav,1,0,0,0,0,0,0,0,1
1394.wav,1,0,0,0,0,0,0,0,1
1395.wav,1,0,0,0,0,0,0,0,1
1396.wav,1,0,0,0,0,0,0,0,1
1397.wav,1,0,0,0,0,0,0,0,1
1398.wav,1,0,0,0,0,0,0,0,1
1399.wav,1,0,0,0,0,0,0,0,1
1400.wav,1,0,0,0,0,0,0,0,1
1401.wav,1,0,0,0,0,0,0,0,1
1402.wav,1,0,0,0,0,0,0,0,1
1403.wav,1,0,0,0,0,0,0,0,1
1404.wav,1,0,0,0,0,0,0,0,1
1405.wav,1,0,0,0,0,0,0,0,1
1406.wav,1,0,0,0,0,0,0,0,1
1407.wav,1,0,0,0,0,0,0,0,1
1408.wav,1,0,0,0,0,0,0,0,1
1409.wav,1,0,0,0,0,0,0,0,1
1410.wav,1,0,0,0,0,0,0,0,1
1411.wav,1,0,0,0,0,0,0,0,1
1412.wav,1,0,0,0,0,0,0,0,1
1413.wav,1,0,0,0,0,0,0,0,1
1414.wav,1,0,0,0,0,0,0,0,1
1415.wav,1,0,0,0,0,0,0,0,1
1416.wav,1,0,0,0,0,0,0,0,1
1417.wav,1,0,0,0,0,0,0,0,1
1418.wav,1,0,0,0,0,0,0,0,1
1419.wav,1,0,0,0,0,0,0,0,1
1420.wav,1,0,0,0,0,0,0,0,1
1421.wav,1,0,0,0,0,0,0,0,1
1422.wav,1,0,0,0,0,0,0,0,1
1423.wav,1,0,0,0,0,0,0,0,1
1424.wav,1,0,0,0,0,0,0,0,1
1425.wav,1,0,0,0,0,0,0,0,1
1426.wav,1,0,0,0,0,0,0,0,1
1427.wav,1,0,0,0,0,0,0,0,1
1428.wav,1,0,0,0,0,0,0,0,1
1429.wav,1,0,0,0,0,0,0,0,1
1430.wav,1,0,0,0,0,0,0,0,1
1431.wav,1,0,0,0,0,0,0,0,1
1432.wav,1,0,0,0,0,0,0,0,1
1433.wav,1,0,0,0,0,0,0,0,1
1434.wav,1,0,0,0,0,0,0,0,1
1435.wav,1,0,0,0,0,0,0,0,1
1436.wav,1,0,0,0,0,0,0,0,1
1437.wav,1,0,0,0,0,0,0,0,1
1438.wav,1,0,0,0,0,0,0,0,1
1439.wav,1,0,0,0,0,0,0,0,1
1440.wav,1,0,0,0,0,0,0,0,1
